{
  "config.yaml": 1782526611.6541095,
  "config.example.yaml": 1782604124.2782423,
  "saved_at": 1782678827.1325932
}