{
  "generation": 525,
  "issued_at": 1782691810.4365408,
  "expires_at": 1782691810.9365408,
  "fingerprint_prefix": "39ea08a43e46",
  "rotations": 525
}